{"cameraMode":{"drawMode":0,"name":"Shaded","section":"Shading Mode"},"sceneLighting":true,"audioPlay":false,"sceneViewState":{"showFog":true,"showMaterialUpdate":true,"showSkybox":true,"showFlares":true,"showImageEffects":true,"showParticleSystems":true},"in2DMode":false,"pivot":{"x":80.99090576171875,"y":-115.0355224609375,"z":-394.0647888183594},"rotation":{"x":0.004691834561526775,"y":0.9951048493385315,"z":-0.07927783578634262,"w":0.05888951197266579},"size":472.59295654296877,"orthographic":false}