{"cameraMode":{"drawMode":0,"name":"Shaded","section":"Shading Mode"},"sceneLighting":true,"audioPlay":false,"sceneViewState":{"showFog":true,"showMaterialUpdate":true,"showSkybox":true,"showFlares":true,"showImageEffects":true,"showParticleSystems":true},"in2DMode":false,"pivot":{"x":21.270294189453126,"y":-9.363266944885254,"z":12.422974586486817},"rotation":{"x":-0.18189717829227448,"y":0.7502541542053223,"z":-0.2303561270236969,"w":-0.5924257636070252},"size":14.350126266479493,"orthographic":false}