{"cameraMode":{"drawMode":0,"name":"Shaded","section":"Shading Mode"},"sceneLighting":false,"audioPlay":false,"sceneViewState":{"showFog":true,"showMaterialUpdate":false,"showSkybox":false,"showFlares":true,"showImageEffects":true,"showParticleSystems":true},"in2DMode":false,"pivot":{"x":14.574101448059082,"y":1.4230797290802003,"z":2.966883659362793},"rotation":{"x":0.23642726242542268,"y":-0.41457265615463259,"z":0.11246279627084732,"w":0.8715410828590393},"size":1.4569486379623414,"orthographic":false}