{"cameraMode":{"drawMode":0,"name":"Shaded","section":"Shading Mode"},"sceneLighting":true,"audioPlay":false,"sceneViewState":{"showFog":true,"showMaterialUpdate":true,"showSkybox":true,"showFlares":true,"showImageEffects":true,"showParticleSystems":true},"in2DMode":false,"pivot":{"x":93.45271301269531,"y":-12.4273042678833,"z":74.10191345214844},"rotation":{"x":-0.020690105855464937,"y":0.8870725035667419,"z":-0.03994456306099892,"w":-0.4594428539276123},"size":257.9945068359375,"orthographic":false}