{"cameraMode":{"drawMode":0,"name":"Shaded","section":"Shading Mode"},"sceneLighting":true,"audioPlay":false,"sceneViewState":{"showFog":true,"showMaterialUpdate":true,"showSkybox":false,"showFlares":true,"showImageEffects":true,"showParticleSystems":true},"in2DMode":false,"pivot":{"x":14.33102798461914,"y":-39.037437438964847,"z":9.562803268432618},"rotation":{"x":-0.2989272475242615,"y":-0.07347486913204193,"z":0.02309061400592327,"w":-0.9511682391166687},"size":17.467601776123048,"orthographic":false}