{"cameraMode":{"drawMode":0,"name":"Shaded","section":"Shading Mode"},"sceneLighting":true,"audioPlay":false,"sceneViewState":{"showFog":true,"showMaterialUpdate":true,"showSkybox":true,"showFlares":true,"showImageEffects":true,"showParticleSystems":true},"in2DMode":false,"pivot":{"x":-6.498247146606445,"y":-18.371551513671876,"z":8.794975280761719},"rotation":{"x":-0.24832528829574586,"y":0.599202036857605,"z":-0.202834814786911,"w":-0.7335867285728455},"size":48.83371353149414,"orthographic":false}