{"cameraMode":{"drawMode":0,"name":"Shaded","section":"Shading Mode"},"sceneLighting":true,"audioPlay":false,"sceneViewState":{"showFog":true,"showMaterialUpdate":true,"showSkybox":true,"showFlares":true,"showImageEffects":true,"showParticleSystems":true},"in2DMode":false,"pivot":{"x":51.60289764404297,"y":-95.1502456665039,"z":84.42204284667969},"rotation":{"x":-0.2989272475242615,"y":-0.07347486913204193,"z":0.02309061400592327,"w":-0.9511682391166687},"size":88.61486053466797,"orthographic":false}