{"cameraMode":{"drawMode":0,"name":"Shaded","section":"Shading Mode"},"sceneLighting":false,"audioPlay":false,"sceneViewState":{"showFog":true,"showMaterialUpdate":false,"showSkybox":false,"showFlares":true,"showImageEffects":true,"showParticleSystems":true},"in2DMode":false,"pivot":{"x":14.580296516418457,"y":43.25873565673828,"z":-38.70486831665039},"rotation":{"x":-0.17337636649608613,"y":-0.811987042427063,"z":0.2995312809944153,"w":-0.4699987769126892},"size":1.126536250114441,"orthographic":false}