{"cameraMode":{"drawMode":0,"name":"Shaded","section":"Shading Mode"},"sceneLighting":true,"audioPlay":false,"sceneViewState":{"showFog":true,"showMaterialUpdate":true,"showSkybox":false,"showFlares":true,"showImageEffects":true,"showParticleSystems":true},"in2DMode":false,"pivot":{"x":56.50499725341797,"y":-26.655000686645509,"z":125.0},"rotation":{"x":-0.2989272475242615,"y":-0.07347486913204193,"z":0.02309061400592327,"w":-0.9511682391166687},"size":480.7882385253906,"orthographic":false}