{"cameraMode":{"drawMode":0,"name":"Shaded","section":"Shading Mode"},"sceneLighting":true,"audioPlay":false,"sceneViewState":{"showFog":true,"showMaterialUpdate":true,"showSkybox":true,"showFlares":true,"showImageEffects":true,"showParticleSystems":true},"in2DMode":false,"pivot":{"x":8.785530090332032,"y":-11.985920906066895,"z":-4.298710823059082},"rotation":{"x":-0.23371130228042603,"y":0.46120917797088625,"z":-0.12734580039978028,"w":-0.846432626247406},"size":29.601259231567384,"orthographic":false}