{"cameraMode":{"drawMode":0,"name":"Shaded","section":"Shading Mode"},"sceneLighting":false,"audioPlay":false,"sceneViewState":{"showFog":true,"showMaterialUpdate":true,"showSkybox":false,"showFlares":true,"showImageEffects":true,"showParticleSystems":true},"in2DMode":false,"pivot":{"x":5.412620544433594,"y":-4.019087791442871,"z":0.9186172485351563},"rotation":{"x":0.0013846203219145537,"y":0.996579647064209,"z":-0.08089987933635712,"w":0.01705341786146164},"size":109.24376678466797,"orthographic":false}